{
    "chromosome": [
        15,
        3,
        26,
        25,
        20,
        1,
        8,
        21,
        19,
        22,
        24,
        28,
        27,
        18,
        5,
        7,
        9,
        17,
        12,
        14,
        10,
        0,
        2,
        23,
        11,
        29,
        6,
        16,
        4,
        13
    ],
    "fitness": 0.9040452994401011,
    "order_score": 1.0,
    "balance_score": 0.6801509981336706
}